<?xml version="1.0" encoding="UTF-8"?>
<project-private xmlns="http://www.netbeans.org/ns/project-private/1">
    <editor-bookmarks xmlns="http://www.netbeans.org/ns/editor-bookmarks/2" lastBookmarkId="0"/>
    <open-files xmlns="http://www.netbeans.org/ns/projectui-open-files/2">
        <group>
            <file>file:/C:/Users/pwm1057/Desktop/Assignment%203%2009-OCT-18/src/Circle.java</file>
            <file>file:/C:/Users/pwm1057/Desktop/Assignment%203%2009-OCT-18/src/ShapeSketcher.java</file>
            <file>file:/C:/Users/pwm1057/Desktop/Assignment%203%2009-OCT-18/src/Rectangle.java</file>
            <file>file:/C:/Users/pwm1057/Desktop/Assignment%203%2009-OCT-18/src/Line.java</file>
            <file>file:/C:/Users/pwm1057/Desktop/Assignment%203%2009-OCT-18/src/Shape.java</file>
            <file>file:/C:/Users/pwm1057/Desktop/Assignment%203%2009-OCT-18/src/Square.java</file>
            <file>file:/C:/Users/pwm1057/Desktop/Assignment%203%2009-OCT-18/src/Oval.java</file>
        </group>
    </open-files>
</project-private>
